"plot";"subplot";"Group";"Plant";"indv";"seeds";"fruits";"vis"
1;"A1";"Beetle";"LEMA";56;612;12;4
1;"A1";NA;"BEMA";10;208;52;0
1;"A1";NA;"CETE";1;3108;28;0
1;"A1";NA;"PUPA";3;276;12;0
1;"A1";NA;"SOAS";3;165;3;0
1;"A2";"Beetle";"LEMA";36;810;15;10
1;"A2";"Fly";"CETE";25;1443;13;1
1;"A2";NA;"BEMA";11;412;103;0
1;"A2";NA;"SOAS";1;660;12;0
1;"A3";"Bee";"CETE";4;1665;15;1
1;"A3";"Beetle";"LEMA";32;511;7;11
1;"A3";NA;"BEMA";4;1000;250;0
1;"A3";NA;"CHFU";2;1216;38;0
1;"A3";NA;"SOAS";2;1210;22;0
1;"A4";"Beetle";"LEMA";5;923;13;13
1;"A4";NA;"BEMA";4;548;137;0
1;"A4";NA;"CETE";12;2775;25;0
1;"A4";NA;"PUPA";1;345;15;0
1;"A4";NA;"SOAS";2;330;6;0
1;"A5";"Beetle";"LEMA";48;441;7;18
1;"A5";NA;"BEMA";10;252;63;0
1;"A5";NA;"CETE";6;3774;34;0
1;"A5";NA;"CHFU";1;224;7;0
1;"A5";NA;"SOAS";1;220;4;0
1;"A6";"Beetle";"LEMA";31;2231;23;11
1;"A6";NA;"BEMA";8;448;112;0
1;"A6";NA;"CETE";7;6993;63;0
1;"A6";NA;"CHFU";1;96;3;0
1;"A6";NA;"SOAS";1;495;9;0
1;"B1";"Beetle";"LEMA";50;406;7;10
1;"B1";"Fly";"CHFU";1;4608;64;2
1;"B1";NA;"BEMA";5;732;183;0
1;"B1";NA;"CETE";1;222;2;0
1;"B2";"Beetle";"LEMA";39;2576;32;10
1;"B2";NA;"BEMA";8;228;57;0
1;"B2";NA;"CETE";2;2997;27;0
1;"B2";NA;"PUPA";1;115;5;0
1;"B2";NA;"SOAS";2;1265;23;0
1;"B3";"Beetle";"LEMA";55;1117,20588235294;15,7352941176471;10
1;"B3";NA;"BEMA";5;372;93;0
1;"B3";NA;"CETE";4;4440;40;0
1;"B3";NA;"CHFU";1;112;3,5;0
1;"B3";NA;"SOAS";3;2145;39;0
1;"B4";"Beetle";"LEMA";63;2470;38;12
1;"B4";"Fly";"CHFU";4;608;19;1
1;"B4";"Fly";"LEMA";63;2470;38;1
1;"B4";NA;"CETE";1;2109;19;0
1;"B4";NA;"SOAS";2;1925;35;0
1;"B5";"Beetle";"LEMA";43;1248;18;9
1;"B5";NA;"BEMA";6;360;90;0
1;"B5";NA;"PUPA";1;161;7;0
1;"B6";"Bee";"LEMA";40;2232;36;1
1;"B6";"Beetle";"LEMA";40;2232;36;9
1;"B6";NA;"BEMA";10;188;47;0
1;"B6";NA;"CETE";1;777;7;0
1;"B6";NA;"SCLA";1;155;5;0
1;"B6";NA;"SOAS";1;440;8;0
1;"C1";"Beetle";"LEMA";67;216;3;8
1;"C1";"Fly";"CHFU";3;448;7;3
1;"C1";NA;"BEMA";7;164;41;0
1;"C1";NA;"CETE";2;4551;41;0
1;"C1";NA;"CHMI";1;35;2,5;0
1;"C2";"Bee";"PUPA";1;217,5;7,5;1
1;"C2";"Beetle";"LEMA";32;3848,5;43;8
1;"C2";NA;"BEMA";7;64;16;0
1;"C2";NA;"CETE";3;1443;13;0
1;"C2";NA;"CHFU";2;288;9;0
1;"C2";NA;"SOAS";1;165;3;0
1;"C3";"Beetle";"LEMA";51;812;14;6
1;"C3";NA;"BEMA";8;456;114;0
1;"C3";NA;"CETE";1;888;8;0
1;"C3";NA;"CHFU";4;992;31;0
1;"C3";NA;"PUPA";1;92;4;0
1;"C4";"Beetle";"LEMA";64;236;4;5
1;"C4";NA;"BEMA";5;860;215;0
1;"C4";NA;"CETE";1;555;5;0
1;"C5";"Beetle";"LEMA";80;1541;23;1
1;"C5";"Fly";"LEMA";80;1541;23;1
1;"C5";NA;"BEMA";7;24;6;0
1;"C5";NA;"CETE";3;1221;11;0
1;"C5";NA;"CHFU";2;128;4;0
1;"C6";"Beetle";"LEMA";62;984;16;3
1;"C6";"Fly";"LEMA";62;984;16;1
1;"C6";NA;"BEMA";7;308;77;0
1;"C6";NA;"PUPA";1;299;13;0
1;"D1";"Beetle";"LEMA";70;832;16;6
1;"D1";"Fly";"CHFU";1;32;1;2
1;"D1";NA;"CETE";1;3663;33;0
1;"D2";"Beetle";"LEMA";57;900;12;9
1;"D2";NA;"BEMA";11;72;18;0
1;"D2";NA;"CETE";1;1665;15;0
1;"D2";NA;"SCLA";2;93;3;0
1;"D3";"Beetle";"LEMA";76;248;4;5
1;"D3";NA;"BEMA";8;204;51;0
1;"D3";NA;"CETE";1;2775;25;0
1;"D3";NA;"CHFU";2;560;17,5;0
1;"D3";NA;"PUPA";1;575;25;0
1;"D3";NA;"SCLA";1;31;1;0
1;"D4";"Beetle";"LEMA";45;864,5;13;12
1;"D4";"Butterfly";"LEMA";45;864,5;13;1
1;"D4";NA;"BEMA";5;292;73;0
1;"D4";NA;"SCLA";1;155;5;0
1;"D4";NA;"SOAS";1;275;5;0
1;"D5";"Beetle";"LEMA";62;1235;19;10
1;"D5";NA;"BEMA";6;84;21;0
1;"D5";NA;"CETE";1;1221;11;0
1;"D5";NA;"CHFU";1;64;2;0
1;"D6";"Bee";"PUPA";1;575;25;1
1;"D6";"Beetle";"LEMA";62;770;14;21
1;"D6";NA;"BEMA";5;48;12;0
1;"E1";"Beetle";"LEMA";67;1200;15;4
1;"E1";NA;"BEMA";7;260;65;0
1;"E1";NA;"CETE";4;1942,5;17,5;0
1;"E1";NA;"PUPA";1;92;4;0
1;"E1";NA;"SCLA";2;139,5;4,5;0
1;"E1";NA;"SOAS";1;550;10;0
1;"E2";"Bee";"LEMA";57;994,5;13;4
1;"E2";"Beetle";"LEMA";57;994,5;13;10
1;"E2";"Fly";"LEMA";57;994,5;13;7
1;"E2";NA;"BEMA";12;1320;330;0
1;"E2";NA;"CETE";1;1665;15;0
1;"E3";"Beetle";"LEMA";46;875,5;17;7
1;"E3";"Fly";"CHFU";1;25;1;3
1;"E3";"Fly";"LEMA";46;875,5;17;2
1;"E3";NA;"BEMA";12;160;40;0
1;"E3";NA;"CETE";2;2775;25;0
1;"E4";"Beetle";"LEMA";49;1340;20;5
1;"E4";NA;"BEMA";5;80;20;0
1;"E4";NA;"CETE";16;2941,5;26,5;0
1;"E5";"Beetle";"LEMA";71;708;12;3
1;"E5";"Fly";"LEMA";71;708;12;3
1;"E5";NA;"BEMA";7;456;114;0
1;"E5";NA;"CETE";14;666;6;0
1;"E5";NA;"PUPA";1;46;2;0
1;"E6";"Beetle";"LEMA";63;944,117647058823;15,7352941176471;6
1;"E6";NA;"BEMA";4;208;52;0
1;"F1";"Beetle";"LEMA";26;224;4;7
1;"F1";NA;"BEMA";5;216;54;0
1;"F1";NA;"CETE";1;1887;17;0
1;"F1";NA;"SOAS";1;770;14;0
1;"F2";"Bee";"CHFU";1;401,882352941176;12,5588235294118;1
1;"F2";"Beetle";"LEMA";44;720;12;9
1;"F2";"Fly";"LEMA";44;720;12;1
1;"F2";NA;"BEMA";7;468;117;0
1;"F2";NA;"CETE";3;7215;65;0
1;"F3";"Beetle";"LEMA";34;1089;18;6
1;"F3";"Fly";"CHFU";1;144;4,5;1
1;"F3";"Fly";"LEMA";34;1089;18;3
1;"F3";NA;"BEMA";6;280;70;0
1;"F3";NA;"CETE";2;1665;15;0
1;"F4";"Beetle";"LEMA";69;1704;24;11
1;"F4";"Fly";"LEMA";69;1704;24;6
1;"F4";NA;"BEMA";8;328;82;0
1;"F4";NA;"CETE";4;1887;17;0
1;"F4";NA;"CHFU";1;32;1;0
1;"F5";"Bee";"LEMA";62;245;5;1
1;"F5";"Beetle";"LEMA";62;245;5;5
1;"F5";"Fly";"CHFU";1;32;1;2
1;"F5";NA;"BEMA";4;240;60;0
1;"F5";NA;"CETE";2;2997;27;0
1;"F5";NA;"PUPA";7;517,5;22,5;0
1;"F6";"Bee";"LEMA";55;372;6;5
1;"F6";"Bee";"PUPA";2;287,5;12,5;3
1;"F6";"Beetle";"LEMA";55;372;6;4
1;"F6";NA;"BEMA";6;924;231;0
1;"F6";NA;"CETE";1;666;6;0
1;"F6";NA;"SCLA";1;155;5;0
2;"A1";"Beetle";"LEMA";74;756;6;4
2;"A1";NA;"BEMA";6;216;54;0
2;"A1";NA;"CETE";3;222;2;0
2;"A1";NA;"PUPA";1;828;36;0
2;"A1";NA;"SCLA";2;77,5;2,5;0
2;"A2";"Bee";"PUPA";2;611;13;1
2;"A2";"Beetle";"LEMA";78;462;6;6
2;"A2";"Fly";"CHFU";4;139,555555555556;4,36111111111111;4
2;"A2";"Fly";"LEMA";78;462;6;1
2;"A2";NA;"BEMA";4;64;16;0
2;"A2";NA;"CETE";8;1887;17;0
2;"A2";NA;"SCLA";1;124;4;0
2;"A3";"Beetle";"LEMA";83;744;12;5
2;"A3";"Fly";"CETE";23;3990;21;1
2;"A3";"Fly";"CHFU";5;6,5;6,5;1
2;"A3";NA;"BEMA";5;80;20;0
2;"A3";NA;"PUPA";2;92;4;0
2;"A4";"Beetle";"LEMA";100;329;7;3
2;"A4";NA;"CETE";12;1221;11;0
2;"A4";NA;"CHFU";1;96;3;0
2;"A4";NA;"PUPA";2;126,5;5,5;0
2;"A5";"Bee";"PUPA";3;156;6,5;2
2;"A5";"Beetle";"LEMA";92;195;3;2
2;"A5";"Fly";"CETE";17;1488;8;2
2;"A5";"Fly";"CHFU";1;32;1;1
2;"A5";NA;"BEMA";9;68;17;0
2;"A6";"Beetle";"LEMA";115;409,571428571429;8,71428571428571;3
2;"A6";"Fly";"LEMA";115;409,571428571429;8,71428571428571;3
2;"A6";"Fly";"PUPA";4;312;12;2
2;"A6";NA;"BEMA";6;56;14;0
2;"A6";NA;"CETE";18;999;9;0
2;"A6";NA;"SCLA";15;62;2;0
2;"B1";"Beetle";"LEMA";80;812;14;6
2;"B1";"Fly";"CETE";3;444;4;1
2;"B1";"Fly";"LEMA";80;812;14;1
2;"B1";"Fly";"PUPA";2;594;11;2
2;"B1";NA;"BEMA";7;456;114;0
2;"B1";NA;"CHFU";2;352;11;0
2;"B1";NA;"SCLA";1;31;1;0
2;"B2";"Beetle";"LEMA";74;432;8;8
2;"B2";"Fly";"CETE";7;1776;16;1
2;"B2";"Fly";"CHFU";4;64;2;2
2;"B2";"Fly";"LEMA";74;432;8;5
2;"B2";NA;"BEMA";4;136;34;0
2;"B2";NA;"SCLA";1;62;2;0
2;"B3";"Beetle";"LEMA";65;438;6;11
2;"B3";"Fly";"CHFU";1;126;6;1
2;"B3";"Fly";"LEMA";65;438;6;2
2;"B3";NA;"BEMA";5;192;48;0
2;"B3";NA;"CETE";28;555;5;0
2;"B3";NA;"PUPA";1;115;5;0
2;"B3";NA;"SCLA";1;93;3;0
2;"B4";"Beetle";"LEMA";93;906;18;16
2;"B4";NA;"BEMA";12;68;17;0
2;"B4";NA;"CETE";15;777;7;0
2;"B4";NA;"PUPA";1;115;5;0
2;"B4";NA;"SCLA";2;31;1;0
2;"B5";"Beetle";"LEMA";80;189;3;13
2;"B5";"Fly";"LEMA";80;189;3;2
2;"B5";NA;"BEMA";7;72;18;0
2;"B5";NA;"CETE";17;666;6;0
2;"B5";NA;"PUPA";1;103,5;4,5;0
2;"B6";"Beetle";"LEMA";75;760;10;6
2;"B6";"Fly";"LEMA";75;760;10;5
2;"B6";NA;"BEMA";6;48;12;0
2;"B6";NA;"CETE";10;7326;66;0
2;"B6";NA;"SCLA";3;62;2;0
2;"C1";"Fly";"CHFU";12;64;2;3
2;"C1";NA;"BEMA";7;28;7;0
2;"C1";NA;"CETE";8;3885;35;0
2;"C1";NA;"LEMA";44;406;7;0
2;"C1";NA;"PUPA";3;138;6;0
2;"C1";NA;"SCLA";1;62;2;0
2;"C2";"Bee";"LEMA";55;1520;19;1
2;"C2";"Bee";"PUPA";1;9;9;2
2;"C2";"Beetle";"LEMA";55;1520;19;4
2;"C2";"Fly";"CHFU";7;64;2;2
2;"C2";NA;"BEMA";9;352;88;0
2;"C2";NA;"CETE";11;2997;27;0
2;"C2";NA;"SCLA";2;62;2;0
2;"C3";"Beetle";"LEMA";50;422;4;5
2;"C3";"Fly";"LEMA";50;422;4;3
2;"C3";NA;"BEMA";7;248;62;0
2;"C3";NA;"CETE";9;3774;34;0
2;"C3";NA;"CHFU";4;96;3;0
2;"C3";NA;"PUPA";2;115;5;0
2;"C3";NA;"SCLA";2;62;2;0
2;"C4";"Beetle";"LEMA";114;400;10;4
2;"C4";"Fly";"LEMA";114;400;10;4
2;"C4";NA;"BEMA";10;56;14;0
2;"C4";NA;"CETE";33;777;7;0
2;"C4";NA;"CHFU";1;32;1;0
2;"C4";NA;"PUPA";1;92;4;0
2;"C4";NA;"SCLA";1;31;1;0
2;"C5";"Bee";"LEMA";125;666;6;2
2;"C5";"Bee";"PUPA";6;119;5,66666666666667;2
2;"C5";"Beetle";"LEMA";125;666;6;6
2;"C5";NA;"BEMA";15;116;29;0
2;"C5";NA;"CETE";8;666;6;0
2;"C5";NA;"SCLA";1;62;2;0
2;"C6";"Bee";"CETE";6;1221;11;1
2;"C6";"Bee";"LEMA";80;410;5;1
2;"C6";"Bee";"PUPA";5;1200;12;4
2;"C6";"Beetle";"LEMA";80;410;5;4
2;"C6";"Fly";"PUPA";5;1200;12;3
2;"C6";NA;"BEMA";6;56;14;0
2;"C6";NA;"SCLA";8;62;2;0
2;"D1";"Bee";"CHFU";1;32;1;1
2;"D1";"Beetle";"LEMA";114;290;5;5
2;"D1";NA;"BEMA";14;72;18;0
2;"D1";NA;"CETE";15;777;7;0
2;"D1";NA;"PUPA";1;207;9;0
2;"D1";NA;"SCLA";3;62;2;0
2;"D2";"Bee";"CETE";26;666;6;2
2;"D2";"Bee";"LEMA";53;432;9;1
2;"D2";"Beetle";"LEMA";53;432;9;6
2;"D2";NA;"BEMA";16;312;78;0
2;"D2";NA;"SCLA";4;62;2;0
2;"D2";NA;"SOAS";4;330;6;0
2;"D3";"Beetle";"LEMA";47;384;12;4
2;"D3";NA;"BEMA";12;240;60;0
2;"D3";NA;"CETE";7;2220;20;0
2;"D3";NA;"CHFU";2;256;8;0
2;"D3";NA;"PUPA";1;92;4;0
2;"D3";NA;"SCLA";5;77,5;2,5;0
2;"D4";"Beetle";"LEMA";53;174;6;4
2;"D4";"Fly";"CHFU";1;202;2;1
2;"D4";NA;"BEMA";10;64;16;0
2;"D4";NA;"CETE";8;1665;15;0
2;"D4";NA;"SCLA";1;31;1;0
2;"D5";"Bee";"LEMA";53;570;10;1
2;"D5";"Beetle";"LEMA";53;570;10;4
2;"D5";NA;"BEMA";21;148;37;0
2;"D5";NA;"CETE";19;3108;28;0
2;"D5";NA;"PUPA";1;92;4;0
2;"D5";NA;"SCLA";6;46,5;1,5;0
2;"D6";"Bee";"LEMA";95;462;6;2
2;"D6";"Beetle";"LEMA";95;462;6;5
2;"D6";NA;"BEMA";8;88;22;0
2;"D6";NA;"CETE";15;2331;21;0
2;"D6";NA;"SCLA";2;31;1;0
2;"E1";"Beetle";"LEMA";84;408;4;8
2;"E1";NA;"BEMA";20;92;23;0
2;"E1";NA;"CETE";12;999;9;0
2;"E1";NA;"PUPA";1;92;4;0
2;"E1";NA;"SCLA";4;124;4;0
2;"E1";NA;"SOAS";1;165;3;0
2;"E2";"Bee";"CETE";6;1332;12;2
2;"E2";"Bee";"CHFU";1;336;12;1
2;"E2";"Beetle";"LEMA";61;1540;14;8
2;"E2";"Fly";"LEMA";61;1540;14;3
2;"E2";NA;"BEMA";9;104;26;0
2;"E2";NA;"PUPA";2;138;6;0
2;"E3";"Beetle";"LEMA";46;930;6;6
2;"E3";"Fly";"CHFU";1;384;12;1
2;"E3";"Fly";"LEMA";46;930;6;1
2;"E3";NA;"BEMA";10;60;15;0
2;"E3";NA;"CETE";14;1221;11;0
2;"E3";NA;"SOAS";10;806,666666666667;14,6666666666667;0
2;"E4";"Bee";"CETE";11;555;5;2
2;"E4";"Beetle";"LEMA";77;234;13;8
2;"E4";NA;"BEMA";10;264;66;0
2;"E4";NA;"CHFU";2;32;1;0
2;"E4";NA;"SCLA";1;31;1;0
2;"E4";NA;"SOAS";9;385;7;0
2;"E5";"Bee";"LEMA";41;637;14;1
2;"E5";"Beetle";"LEMA";41;637;14;6
2;"E5";"Fly";"CETE";7;555;5;2
2;"E5";NA;"BEMA";10;320;80;0
2;"E5";NA;"PUPA";1;207;9;0
2;"E5";NA;"SCLA";9;93;3;0
2;"E6";"Beetle";"LEMA";83;415;5;3
2;"E6";"Fly";"PUPA";4;231;16,5;1
2;"E6";NA;"BEMA";8;152;38;0
2;"E6";NA;"CETE";33;777;7;0
2;"E6";NA;"SCLA";1;62;2;0
2;"E6";NA;"SOAS";3;275;5;0
2;"F1";"Beetle";"LEMA";62;342;6;8
2;"F1";"Fly";"LEMA";62;342;6;3
2;"F1";NA;"BEMA";11;56;14;0
2;"F1";NA;"CETE";1;1221;11;0
2;"F1";NA;"SCLA";1;31;1;0
2;"F1";NA;"SOAS";1;220;4;0
2;"F2";"Bee";"LEMA";48;585;10;4
2;"F2";"Beetle";"LEMA";48;585;10;3
2;"F2";"Fly";"CHFU";1;96;3;1
2;"F2";"Fly";"LEMA";48;585;10;2
2;"F2";NA;"BEMA";5;64;16;0
2;"F2";NA;"CETE";1;1887;17;0
2;"F3";"Beetle";"LEMA";88;924;12;5
2;"F3";"Fly";"CETE";13;555;5;1
2;"F3";NA;"BEMA";5;112;28;0
2;"F4";"Beetle";"LEMA";67;945;15;9
2;"F4";"Fly";"LEMA";67;945;15;4
2;"F4";NA;"BEMA";4;152;38;0
2;"F4";NA;"CETE";8;888;8;0
2;"F4";NA;"CHFU";1;64;2;0
2;"F4";NA;"SOAS";8;880;16;0
2;"F5";"Beetle";"LEMA";150;792;9;3
2;"F5";NA;"BEMA";30;200;50;0
2;"F5";NA;"CETE";6;666;6;0
2;"F5";NA;"CHMI";10;70;5;0
2;"F5";NA;"SCLA";7;62;2;0
2;"F6";"Beetle";"LEMA";132;385;5;2
2;"F6";"Fly";"LEMA";132;385;5;1
2;"F6";NA;"BEMA";9;96;24;0
2;"F6";NA;"CETE";11;1776;16;0
2;"F6";NA;"PUPA";6;337,333333333333;14,6666666666667;0
2;"F6";NA;"SCLA";6;62;2;0
3;"A1";"Beetle";"LEMA";6;58;1;5
3;"A1";"Fly";"CHFU";1;64;2;1
3;"A1";NA;"PUPA";1;230;10;0
3;"A2";"Beetle";"LEMA";7;348;6;4
3;"A2";NA;"CETE";1;1720,5;15,5;0
3;"A2";NA;"CHFU";1;96;3;0
3;"A3";"Bee";"CETE";1;1221;11;2
3;"A3";"Bee";"PUPA";1;0;14,6904761904762;1
3;"A3";"Beetle";"LEMA";18;243,5625;6,765625;3
3;"A3";NA;"BEMA";6;224;56;0
3;"A3";NA;"CHFU";3;288;9;0
3;"A3";NA;"CHMI";4;518;37;0
3;"A3";NA;"SCLA";2;62;2;0
3;"A4";"Bee";"LEMA";36;116;2;2
3;"A4";"Bee";"PUPA";19;580,5;13,5;2
3;"A4";"Beetle";"LEMA";36;116;2;4
3;"A4";"Fly";"CHFU";1;330,666666666667;10,3333333333333;1
3;"A4";"Fly";"CHMI";14;304;5,33333333333333;1
3;"A4";NA;"BEMA";4;40;10;0
3;"A4";NA;"CETE";1;777;7;0
3;"A5";"Beetle";"LEMA";13;392,40625;6,765625;4
3;"A5";"Fly";"LEMA";13;392,40625;6,765625;3
3;"A5";NA;"CETE";2;666;6;0
3;"A5";NA;"PUPA";6;471,5;20,5;0
3;"A6";"Beetle";"LEMA";10;365,34375;6,765625;5
3;"A6";NA;"CETE";1;1221;11;0
3;"A6";NA;"PUPA";1;161;7;0
3;"B1";"Beetle";"LEMA";4;36;1;1
3;"B1";"Butterfly";"PUPA";1;330;11;1
3;"B1";"Fly";"PUPA";1;330;11;1
3;"B1";NA;"CETE";1;333;3;0
3;"B1";NA;"CHFU";1;32;1;0
3;"B1";NA;"CHMI";3;42;3;0
3;"B2";"Beetle";"LEMA";8;174;3;2
3;"B2";NA;"BEMA";2;20;5;0
3;"B2";NA;"CHMI";8;28;2;0
3;"B3";"Beetle";"LEMA";10;735;14;2
3;"B3";"Fly";"CHFU";1;64;2;1
3;"B3";NA;"BEMA";2;36;9;0
3;"B3";NA;"CETE";1;777;7;0
3;"B3";NA;"CHMI";2;14;1;0
3;"B4";"Bee";"PUPA";5;78;13;2
3;"B4";"Beetle";"LEMA";18;575,078125;6,765625;3
3;"B4";NA;"CETE";6;222;2;0
3;"B4";NA;"CHMI";1;42;3;0
3;"B4";NA;"SCLA";4;77,5;2,5;0
3;"B5";"Bee";"CETE";5;1096,125;9,875;2
3;"B5";"Bee";"LEMA";28;296,666666666667;5;3
3;"B5";"Bee";"PUPA";9;678,5;11,5;3
3;"B5";"Beetle";"LEMA";28;296,666666666667;5;3
3;"B5";NA;"BEMA";2;96;24;0
3;"B5";NA;"SCLA";2;62;2;0
3;"B6";"Beetle";"CHFU";3;544;17;1
3;"B6";"Beetle";"LEMA";36;450;6;5
3;"B6";NA;"BEMA";1;48;12;0
3;"B6";NA;"CETE";3;777;7;0
3;"B6";NA;"PUPA";1;241,5;10,5;0
3;"C1";"Beetle";"LEMA";12;804;12;1
3;"C1";"Fly";"CHFU";1;330,666666666667;10,3333333333333;1
3;"C1";"Fly";"CHMI";12;133;9,5;6
3;"C1";NA;"BEMA";2;252;63;0
3;"C1";NA;"CETE";1;888;8;0
3;"C2";"Beetle";"LEMA";14;106;2;4
3;"C2";"Fly";"CHMI";4;178,208333333333;12,7291666666667;2
3;"C2";"Fly";"LEMA";14;106;2;2
3;"C2";NA;"BEMA";1;48;12;0
3;"C2";NA;"CETE";3;1221;11;0
3;"C2";NA;"SCLA";1;62;2;0
3;"C3";"Bee";"LEMA";11;630;15;3
3;"C3";"Bee";"PUPA";1;0;14,6904761904762;2
3;"C3";"Beetle";"CHFU";14;429;33;1
3;"C3";"Beetle";"LEMA";11;630;15;6
3;"C3";"Fly";"CHFU";14;429;33;1
3;"C3";NA;"BEMA";7;100;25;0
3;"C3";NA;"CETE";1;777;7;0
3;"C3";NA;"SCLA";2;93;3;0
3;"C3";NA;"SOAS";1;110;2;0
3;"C4";"Beetle";"LEMA";10;40;1;7
3;"C4";NA;"BEMA";5;20;5;0
3;"C4";NA;"CETE";2;1221;11;0
3;"C4";NA;"CHFU";1;128;4;0
3;"C4";NA;"SOAS";1;825;15;0
3;"C5";"Beetle";"LEMA";39;580;10;1
3;"C5";NA;"BEMA";2;56;14;0
3;"C5";NA;"CETE";2;999;9;0
3;"C5";NA;"CHFU";4;480;15;0
3;"C5";NA;"PUPA";1;345;15;0
3;"C6";"Beetle";"CHFU";2;330,666666666667;10,3333333333333;1
3;"C6";NA;"BEMA";4;52;13;0
3;"C6";NA;"LEMA";44;174;3;0
3;"C6";NA;"SCLA";2;93;3;0
3;"D1";"Fly";"CHFU";1;330,666666666667;10,3333333333333;1
3;"D1";NA;"LEMA";4;116;2;0
3;"D1";NA;"SCLA";2;62;2;0
3;"D1";NA;"SOAS";1;220;4;0
3;"D2";"Bee";"LEMA";8;1044;18;1
3;"D2";"Beetle";"LEMA";8;1044;18;3
3;"D2";"Fly";"CHFU";2;330,666666666667;10,3333333333333;1
3;"D2";NA;"CETE";1;2331;21;0
3;"D2";NA;"PUPA";1;506;22;0
3;"D3";"Beetle";"LEMA";10;377;6,5;4
3;"D3";NA;"SCLA";2;248;8;0
3;"D4";"Bee";"PUPA";3;172,5;7,5;2
3;"D4";"Fly";"CHFU";3;416;13;1
3;"D4";NA;"BEMA";1;108;27;0
3;"D4";NA;"CETE";12;888;8;0
3;"D4";NA;"LEMA";24;580;10;0
3;"D4";NA;"SOAS";1;275;5;0
3;"D5";"Bee";"PUPA";9;3244,5;31,5;6
3;"D5";"Beetle";"LEMA";36;140;4;2
3;"D5";"Fly";"LEMA";36;140;4;2
3;"D5";NA;"BEMA";3;200;50;0
3;"D5";NA;"CETE";1;999;9;0
3;"D6";"Bee";"LEMA";39;531;9;2
3;"D6";"Beetle";"LEMA";39;531;9;2
3;"D6";NA;"BEMA";4;352;88;0
3;"D6";NA;"CETE";4;1887;17;0
3;"D6";NA;"PUPA";5;690;30;0
3;"E1";"Bee";"LEMA";4;232;4;2
3;"E1";"Bee";"PUPA";1;58,7619047619048;14,6904761904762;1
3;"E1";"Beetle";"LEMA";4;232;4;5
3;"E1";"Butterfly";"LEMA";4;232;4;1
3;"E1";"Butterfly";"PUPA";1;58,7619047619048;14,6904761904762;1
3;"E2";"Bee";"LEMA";9;116;2;1
3;"E2";"Beetle";"LEMA";9;116;2;5
3;"E2";"Butterfly";"PUPA";6;820;20,5;1
3;"E2";"Fly";"LEMA";9;116;2;1
3;"E2";"Fly";"PUPA";6;820;20,5;1
3;"E3";"Beetle";"LEMA";26;736;16;2
3;"E3";"Fly";"LEMA";26;736;16;1
3;"E3";NA;"BEMA";1;40;10;0
3;"E3";NA;"CETE";5;888;8;0
3;"E3";NA;"SOAS";1;165;3;0
3;"E4";"Beetle";"LEMA";37;522;9;3
3;"E4";"Fly";"CHFU";1;330,666666666667;10,3333333333333;3
3;"E4";NA;"BEMA";2;344;86;0
3;"E4";NA;"CETE";7;1110;10;0
3;"E4";NA;"PUPA";3;138;6;0
3;"E5";"Beetle";"LEMA";53;405;6;2
3;"E5";NA;"BEMA";2;480;120;0
3;"E5";NA;"CETE";6;444;4;0
3;"E5";NA;"PUPA";4;506;22;0
3;"E6";"Beetle";"LEMA";47;146;2;1
3;"E6";"Fly";"LEMA";47;146;2;1
3;"E6";NA;"BEMA";4;104;26;0
3;"E6";NA;"CETE";4;2442;22;0
3;"E6";NA;"PUPA";5;115;5;0
3;"F1";"Bee";"LEMA";18;381,5;7;1
3;"F1";"Bee";"PUPA";2;902;11;3
3;"F1";"Beetle";"LEMA";18;381,5;7;4
3;"F2";"Beetle";"LEMA";26;560;8;6
3;"F2";"Fly";"CHFU";1;330,666666666667;10,3333333333333;2
3;"F2";NA;"BEMA";2;76;19;0
3;"F3";"Bee";"LEMA";22;250;5;2
3;"F3";"Beetle";"LEMA";22;250;5;8
3;"F3";NA;"BEMA";4;172;43;0
3;"F3";NA;"SOAS";1;495;9;0
3;"F4";"Bee";"PUPA";1;1260;20;2
3;"F4";"Beetle";"LEMA";60;608;16;3
3;"F4";"Fly";"CHFU";1;544;17;2
3;"F4";"Fly";"LEMA";60;608;16;1
3;"F4";NA;"CETE";9;1887;17;0
3;"F4";NA;"SCLA";1;31;1;0
3;"F5";"Beetle";"LEMA";83;145,5;3;2
3;"F5";"Fly";"LEMA";83;145,5;3;2
3;"F5";NA;"BEMA";6;560;140;0
3;"F5";NA;"PUPA";6;322;14;0
3;"F6";"Bee";"PUPA";2;896;7;1
3;"F6";"Beetle";"LEMA";57;648;8;4
3;"F6";"Fly";"CHFU";2;256;8;1
3;"F6";"Fly";"CHMI";3;41;41;4
3;"F6";"Fly";"LEMA";57;648;8;3
3;"F6";"Fly";"PUPA";2;896;7;3
3;"F6";NA;"BEMA";4;100;25;0
3;"F6";NA;"CETE";2;610,5;5,5;0
5;"A1";NA;"BEMA";2;28;7;0
5;"A1";NA;"LEMA";2;58;1;0
5;"A2";NA;"BEMA";8;88;22;0
5;"A3";NA;"BEMA";10;88;22;0
5;"A4";NA;"BEMA";5;76;19;0
5;"A4";NA;"CETE";1;555;5;0
5;"A5";NA;"BEMA";2;48;12;0
5;"A5";NA;"LEMA";9;522;9;0
5;"A5";NA;"PUPA";1;161;7;0
5;"A6";"Bee";"PUPA";3;90;9;2
5;"A6";"Beetle";"LEMA";6;406;7;5
5;"A6";NA;"BEMA";1;52;13;0
5;"A6";NA;"CHFU";1;32;1;0
5;"B1";NA;"BEMA";1;32;8;0
5;"B1";NA;"LEMA";1;58;1;0
5;"B2";NA;"BEMA";8;240;60;0
5;"B2";NA;"CHFU";1;32;1;0
5;"B2";NA;"LEMA";8;116;2;0
5;"B3";NA;"BEMA";4;44;11;0
5;"B3";NA;"LEMA";7;58;1;0
5;"B3";NA;"PUPA";1;115;5;0
5;"B4";"Beetle";"LEMA";12;116;2;1
5;"B4";NA;"BEMA";3;80;20;0
5;"B4";NA;"CETE";1;777;7;0
5;"B4";NA;"PUPA";1;92;4;0
5;"B5";"Beetle";"LEMA";3;58;1;3
5;"B5";"Fly";"LEMA";3;58;1;1
5;"B5";NA;"BEMA";2;56;14;0
5;"B6";"Beetle";"LEMA";3;58;1;1
5;"B6";NA;"BEMA";8;68;17;0
5;"B6";NA;"CETE";1;222;2;0
5;"B6";NA;"CHFU";1;32;1;0
5;"C1";NA;"LEMA";3;58;1;0
5;"C2";"Beetle";"LEMA";9;51;1;1
5;"C2";NA;"BEMA";6;40;10;0
5;"C3";NA;"BEMA";10;68;17;0
5;"C3";NA;"LEMA";10;58;1;0
5;"C3";NA;"PUPA";1;138;6;0
5;"C4";"Beetle";"LEMA";8;156;4;3
5;"C4";NA;"CHFU";1;192;6;0
5;"C5";"Fly";"LEMA";6;52;4;1
5;"C5";NA;"BEMA";7;20;5;0
5;"C5";NA;"CETE";1;499,5;4,5;0
5;"C5";NA;"CHFU";1;96;3;0
5;"C6";"Beetle";"LEMA";3;180;5;2
5;"C6";NA;"BEMA";6;120;30;0
5;"C6";NA;"CETE";1;388,5;3,5;0
5;"D1";"Beetle";"LEMA";8;58;1;1
5;"D1";NA;"BEMA";5;32;8;0
5;"D2";"Bee";"LEMA";7;58;1;2
5;"D2";"Beetle";"LEMA";7;58;1;4
5;"D2";NA;"BEMA";3;16;4;0
5;"D2";NA;"CETE";1;777;7;0
5;"D3";NA;"BEMA";2;44;11;0
5;"D3";NA;"LEMA";5;58;1;0
5;"D4";NA;"BEMA";8;64;16;0
5;"D4";NA;"LEMA";5;58;1;0
5;"D5";"Beetle";"LEMA";9;58;1;2
5;"D6";NA;"BEMA";8;132;33;0
5;"D6";NA;"LEMA";10;174;3;0
5;"E1";"Beetle";"LEMA";3;116;2;7
5;"E1";NA;"BEMA";5;32;8;0
5;"E2";NA;"BEMA";6;28;7;0
5;"E2";NA;"LEMA";6;58;1;0
5;"E3";NA;"BEMA";6;104;26;0
5;"E3";NA;"CETE";1;444;4;0
5;"E3";NA;"LEMA";13;58;1;0
5;"E4";NA;"BEMA";6;112;28;0
5;"E4";NA;"CETE";1;444;4;0
5;"E4";NA;"LEMA";12;58;1;0
5;"E4";NA;"PUPA";1;69;3;0
5;"E5";NA;"BEMA";1;28;7;0
5;"E5";NA;"LEMA";10;464;8;0
5;"E6";NA;"BEMA";1;48;12;0
5;"E6";NA;"LEMA";13;348;6;0
5;"F1";"Beetle";"LEMA";9;58;1;2
5;"F1";"Fly";"LEMA";9;58;1;1
5;"F1";NA;"BEMA";3;60;15;0
5;"F1";NA;"CHFU";1;32;1;0
5;"F2";"Beetle";"LEMA";17;58;1;9
5;"F2";NA;"BEMA";5;76;19;0
5;"F2";NA;"CETE";1;444;4;0
5;"F3";"Beetle";"LEMA";15;112,5;3;7
5;"F3";NA;"BEMA";6;52;13;0
5;"F4";"Beetle";"LEMA";20;58;1;7
5;"F4";NA;"BEMA";10;64;16;0
5;"F4";NA;"CETE";1;555;5;0
5;"F5";"Beetle";"LEMA";25;202,5;5;2
5;"F5";NA;"BEMA";7;12;3;0
5;"F5";NA;"CETE";1;666;6;0
5;"F6";"Beetle";"LEMA";12;85,5;3;8
5;"F6";"Fly";"LEMA";12;85,5;3;1
6;"A3";"Beetle";"LEMA";8;363,631970260223;6,26951672862454;5
6;"A3";NA;"CETE";1;666;6;0
6;"A5";"Beetle";"LEMA";2;363,631970260223;6,26951672862454;2
6;"B5";NA;"PUPA";1;437;19;0
6;"B6";"Beetle";"LEMA";3;363,631970260223;6,26951672862454;2
6;"C2";"Beetle";"LEMA";2;363,631970260223;6,26951672862454;3
6;"C3";"Beetle";"LEMA";3;363,631970260223;6,26951672862454;1
6;"C3";NA;"PUPA";1;184;8;0
6;"C6";"Bee";"LEMA";5;520,369888475836;6,26951672862454;4
6;"C6";"Bee";"PUPA";1;283,666666666667;12,3333333333333;3
6;"C6";"Beetle";"LEMA";5;520,369888475836;6,26951672862454;3
6;"D6";"Beetle";"LEMA";9;169,276951672862;6,26951672862454;2
6;"E5";"Bee";"PUPA";1;24,6666666666667;12,3333333333333;3
6;"E6";"Beetle";"LEMA";19;369,901486988848;6,26951672862454;11
6;"E6";"Fly";"LEMA";19;369,901486988848;6,26951672862454;1
6;"F3";"Bee";"PUPA";1;230;10;1
6;"F4";"Beetle";"LEMA";3;363,631970260223;6,26951672862454;1
6;"F5";"Beetle";"LEMA";10;363,631970260223;6,26951672862454;1
6;"F6";"Beetle";"LEMA";10;235,10687732342;6,26951672862454;1
7;"A1";"Beetle";"LEMA";48;116;2;1
7;"A1";NA;"BEMA";12;56;14;0
7;"A1";NA;"CHFU";4;256;8;0
7;"A1";NA;"MESU";56;21;21;0
7;"A1";NA;"PUPA";5;414;18;0
7;"A1";NA;"SCLA";8;62;2;0
7;"A1";NA;"SPRU";20;720;30;0
7;"A2";"Beetle";"LEMA";35;24;2;4
7;"A2";"Fly";"SPRU";40;936;39;1
7;"A2";NA;"BEMA";3;72;18;0
7;"A2";NA;"CETE";6;888;8;0
7;"A2";NA;"CHFU";2;96;3;0
7;"A2";NA;"PUPA";4;138;6;0
7;"A2";NA;"SCLA";5;31;1;0
7;"A3";"Beetle";"LEMA";48;135;5;2
7;"A3";NA;"BEMA";2;136;34;0
7;"A3";NA;"CHFU";1;32;1;0
7;"A3";NA;"MESU";17;14;14;0
7;"A3";NA;"SCLA";3;31;1;0
7;"A3";NA;"SOAS";1;247,5;4,5;0
7;"A3";NA;"SPRU";115;744;31;0
7;"A4";"Beetle";"LEMA";52;66;2;5
7;"A4";"Fly";"CHFU";1;0;2;1
7;"A4";NA;"BEMA";8;136;34;0
7;"A4";NA;"CETE";24;444;4;0
7;"A4";NA;"MESU";11;6;6;0
7;"A4";NA;"PUPA";4;230;10;0
7;"A4";NA;"SCLA";4;31;1;0
7;"A4";NA;"SOAS";2;275;5;0
7;"A4";NA;"SPRU";130;4656;194;0
7;"A5";"Beetle";"LEMA";50;232;4;3
7;"A5";NA;"BEMA";17;312;78;0
7;"A5";NA;"CETE";36;1110;10;0
7;"A5";NA;"CHFU";2;64;2;0
7;"A5";NA;"PUPA";15;92;4;0
7;"A5";NA;"SCLA";1;31;1;0
7;"A5";NA;"SOAS";4;55;1;0
7;"A5";NA;"SPRU";15;960;40;0
7;"A6";"Beetle";"LEMA";73;290;5;2
7;"A6";NA;"BEMA";17;128;32;0
7;"A6";NA;"CETE";19;666;6;0
7;"A6";NA;"CHFU";1;32;1;0
7;"A6";NA;"MESU";28;19;19;0
7;"A6";NA;"PUPA";10;253;11;0
7;"A6";NA;"SCLA";4;31;1;0
7;"A6";NA;"SPRU";21;768;32;0
7;"B1";"Bee";"LEMA";21;174;3;3
7;"B1";"Beetle";"LEMA";21;174;3;2
7;"B1";NA;"BEMA";5;240;60;0
7;"B1";NA;"CETE";8;666;6;0
7;"B1";NA;"CHFU";3;32;1;0
7;"B1";NA;"MESU";24;10;10;0
7;"B1";NA;"PUPA";3;276;12;0
7;"B1";NA;"SCLA";4;62;2;0
7;"B1";NA;"SOAS";2;220;4;0
7;"B1";NA;"SPRU";32;1200;50;0
7;"B2";"Bee";"LEMA";28;348;6;2
7;"B2";"Beetle";"LEMA";28;348;6;3
7;"B2";"Fly";"MESU";21;15,25;15,25;1
7;"B2";NA;"BEMA";2;268;67;0
7;"B2";NA;"CETE";1;222;2;0
7;"B2";NA;"CHFU";1;128;4;0
7;"B2";NA;"PUPA";1;138;6;0
7;"B2";NA;"SCLA";12;31;1;0
7;"B3";"Bee";"LEMA";20;290;5;10
7;"B3";"Beetle";"LEMA";20;290;5;1
7;"B3";NA;"BEMA";5;320;80;0
7;"B3";NA;"CETE";3;1776;16;0
7;"B3";NA;"PUPA";22;230;10;0
7;"B3";NA;"SCLA";3;31;1;0
7;"B3";NA;"SOAS";1;165;3;0
7;"B3";NA;"SPRU";88;960;40;0
7;"B4";"Bee";"LEMA";42;511;7;3
7;"B4";"Beetle";"LEMA";42;511;7;2
7;"B4";NA;"BEMA";12;120;30;0
7;"B4";NA;"CETE";39;1110;10;0
7;"B4";NA;"CHFU";20;32;1;0
7;"B4";NA;"MESU";14;3;3;0
7;"B4";NA;"PUPA";1;92;4;0
7;"B4";NA;"SCLA";3;31;1;0
7;"B4";NA;"SPRU";4;720;30;0
7;"B5";"Bee";"LEMA";7;39;3;10
7;"B5";"Beetle";"LEMA";7;39;3;3
7;"B5";NA;"BEMA";8;180;45;0
7;"B5";NA;"CETE";68;1776;16;0
7;"B5";NA;"CHFU";7;32;1;0
7;"B5";NA;"PUPA";5;138;6;0
7;"B5";NA;"SCLA";3;31;1;0
7;"B5";NA;"SPRU";17;1440;60;0
7;"B6";"Bee";"LEMA";12;58;1;8
7;"B6";NA;"BEMA";3;40;10;0
7;"B6";NA;"CETE";24;555;5;0
7;"B6";NA;"CHFU";26;32;1;0
7;"B6";NA;"MESU";8;9;9;0
7;"B6";NA;"PUPA";29;138;6;0
7;"B6";NA;"SCLA";2;31;1;0
7;"B6";NA;"SPRU";13;336;14;0
7;"C1";"Bee";"LEMA";28;174;3;3
7;"C1";"Beetle";"LEMA";28;174;3;2
7;"C1";"Fly";"MESU";13;6;6;1
7;"C1";NA;"BEMA";5;176;44;0
7;"C1";NA;"PUPA";3;46;2;0
7;"C1";NA;"SCLA";3;31;1;0
7;"C1";NA;"SPRU";12;168;7;0
7;"C2";"Bee";"LEMA";28;250;5;2
7;"C2";"Beetle";"LEMA";28;250;5;1
7;"C2";"Fly";"BEMA";4;224;56;2
7;"C2";NA;"CETE";1;999;9;0
7;"C2";NA;"CHFU";7;128;4;0
7;"C2";NA;"MESU";26;9;9;0
7;"C2";NA;"PUPA";2;299;13;0
7;"C2";NA;"SCLA";2;31;1;0
7;"C2";NA;"SOAS";1;55;1;0
7;"C3";"Beetle";"LEMA";24;116;2;1
7;"C3";NA;"BEMA";10;72;18;0
7;"C3";NA;"CETE";7;111;1;0
7;"C3";NA;"CHFU";1;64;2;0
7;"C3";NA;"MESU";4;40;40;0
7;"C3";NA;"PUPA";18;161;7;0
7;"C3";NA;"SOAS";2;55;1;0
7;"C3";NA;"SPRU";14;816;34;0
7;"C4";"Bee";"CETE";15;0;4;1
7;"C4";"Bee";"LEMA";36;116;2;4
7;"C4";"Beetle";"LEMA";36;116;2;3
7;"C4";"Fly";"LEMA";36;116;2;1
7;"C4";NA;"BEMA";11;160;40;0
7;"C4";NA;"CHFU";1;32;1;0
7;"C4";NA;"MESU";3;27;27;0
7;"C4";NA;"PUPA";3;92;4;0
7;"C4";NA;"SCLA";5;62;2;0
7;"C4";NA;"SOAS";1;55;1;0
7;"C5";"Beetle";"LEMA";48;49;1;1
7;"C5";NA;"BEMA";17;40;10;0
7;"C5";NA;"CETE";29;666;6;0
7;"C5";NA;"PUPA";15;92;4;0
7;"C5";NA;"SCLA";2;31;1;0
7;"C5";NA;"SPRU";12;960;40;0
7;"C6";"Beetle";"LEMA";34;192;3;8
7;"C6";NA;"BEMA";19;160;40;0
7;"C6";NA;"CETE";13;111;1;0
7;"C6";NA;"MESU";10;37;37;0
7;"C6";NA;"PUPA";25;115;5;0
7;"C6";NA;"SCLA";7;31;1;0
7;"C6";NA;"SOAS";4;220;4;0
7;"D1";"Bee";"LEMA";30;116;2;11
7;"D1";"Beetle";"LEMA";30;116;2;2
7;"D1";"Fly";"LEMA";30;116;2;1
7;"D1";NA;"BEMA";8;120;30;0
7;"D1";NA;"CETE";2;888;8;0
7;"D1";NA;"CHFU";1;160;5;0
7;"D1";NA;"MESU";10;8;8;0
7;"D1";NA;"SCLA";5;31;1;0
7;"D1";NA;"SOAS";5;275;5;0
7;"D1";NA;"SPRU";47;1776;74;0
7;"D2";NA;"BEMA";5;84;21;0
7;"D2";NA;"CETE";1;2442;22;0
7;"D2";NA;"CHFU";6;96;3;0
7;"D2";NA;"LEMA";16;116;2;0
7;"D2";NA;"MESU";14;12;12;0
7;"D2";NA;"SCLA";6;31;1;0
7;"D2";NA;"SOAS";2;275;5;0
7;"D2";NA;"SPRU";16;2232;93;0
7;"D3";NA;"BEMA";6;64;16;0
7;"D3";NA;"CETE";20;666;6;0
7;"D3";NA;"CHFU";1;32;1;0
7;"D3";NA;"LEMA";40;116;2;0
7;"D3";NA;"PUPA";6;126,5;5,5;0
7;"D3";NA;"SCLA";1;31;1;0
7;"D4";"Beetle";"LEMA";55;116;2;2
7;"D4";"Fly";"LEMA";55;116;2;1
7;"D4";NA;"BEMA";6;132;33;0
7;"D4";NA;"CETE";13;1665;15;0
7;"D4";NA;"MESU";12;13;13;0
7;"D4";NA;"PUPA";1;184;8;0
7;"D4";NA;"SCLA";45;31;1;0
7;"D4";NA;"SPRU";30;360;15;0
7;"D5";"Bee";"LEMA";72;174;3;3
7;"D5";"Beetle";"LEMA";72;174;3;2
7;"D5";NA;"BEMA";13;240;60;0
7;"D5";NA;"CETE";8;888;8;0
7;"D5";NA;"MESU";13;9;9;0
7;"D5";NA;"PUPA";1;161;7;0
7;"D5";NA;"SCLA";2;31;1;0
7;"D5";NA;"SPRU";19;1824;76;0
7;"D6";"Bee";"LEMA";40;114;3;1
7;"D6";"Beetle";"LEMA";40;114;3;4
7;"D6";"Fly";"LEMA";40;114;3;5
7;"D6";NA;"BEMA";17;60;15;0
7;"D6";NA;"CETE";9;222;2;0
7;"D6";NA;"CHFU";1;64;2;0
7;"D6";NA;"MESU";8;8;8;0
7;"D6";NA;"PUPA";5;230;10;0
7;"D6";NA;"SCLA";4;155;5;0
7;"D6";NA;"SOAS";2;220;4;0
7;"E1";"Beetle";"LEMA";6;174;3;2
7;"E1";"Fly";"CHFU";12;182;7;1
7;"E1";"Fly";"LEMA";6;174;3;2
7;"E1";NA;"BEMA";2;64;16;0
7;"E1";NA;"PUPA";1;46;2;0
7;"E1";NA;"SOAS";2;770;14;0
7;"E2";"Beetle";"LEMA";32;348;6;6
7;"E2";"Fly";"LEMA";32;348;6;1
7;"E2";NA;"BEMA";3;104;26;0
7;"E2";NA;"CETE";6;1221;11;0
7;"E2";NA;"CHFU";3;128;4;0
7;"E2";NA;"MESU";12;8;8;0
7;"E2";NA;"PUPA";4;322;14;0
7;"E2";NA;"SCLA";1;31;1;0
7;"E2";NA;"SOAS";2;550;10;0
7;"E2";NA;"SPRU";68;792;33;0
7;"E3";NA;"BEMA";4;64;16;0
7;"E3";NA;"CETE";21;2886;26;0
7;"E3";NA;"CHFU";1;64;2;0
7;"E3";NA;"LEMA";24;58;1;0
7;"E3";NA;"MESU";14;16;16;0
7;"E3";NA;"PUPA";8;184;8;0
7;"E3";NA;"SOAS";2;165;3;0
7;"E3";NA;"SPRU";14;1440;60;0
7;"E4";"Beetle";"LEMA";52;174;3;3
7;"E4";"Fly";"CHFU";2;102;6;1
7;"E4";"Fly";"LEMA";52;174;3;1
7;"E4";NA;"BEMA";8;96;24;0
7;"E4";NA;"CETE";4;1554;14;0
7;"E4";NA;"MESU";26;7;7;0
7;"E4";NA;"PUPA";9;161;7;0
7;"E4";NA;"SCLA";2;31;1;0
7;"E4";NA;"SOAS";1;110;2;0
7;"E4";NA;"SPRU";13;1032;43;0
7;"E5";"Bee";"LEMA";52;116;2;1
7;"E5";"Beetle";"LEMA";52;116;2;1
7;"E5";NA;"CETE";5;444;4;0
7;"E5";NA;"MESU";62;7;7;0
7;"E5";NA;"PUPA";1;138;6;0
7;"E5";NA;"SCLA";2;31;1;0
7;"E5";NA;"SOAS";3;55;1;0
7;"E5";NA;"SPRU";24;3840;160;0
7;"E6";"Bee";"LEMA";16;88;2;1
7;"E6";"Beetle";"LEMA";16;88;2;6
7;"E6";"Fly";"BEMA";5;160;40;2
7;"E6";"Fly";"LEMA";16;88;2;1
7;"E6";NA;"CETE";12;999;9;0
7;"E6";NA;"MESU";15;14;14;0
7;"E6";NA;"PUPA";8;276;12;0
7;"E6";NA;"SCLA";8;93;3;0
7;"E6";NA;"SPRU";24;2736;114;0
7;"F1";"Bee";"SPRU";60;1150;25;1
7;"F1";"Beetle";"LEMA";9;232;4;1
7;"F1";NA;"BEMA";1;36;9;0
7;"F1";NA;"CETE";1;999;9;0
7;"F1";NA;"CHFU";2;128;4;0
7;"F1";NA;"MESU";22;24;24;0
7;"F1";NA;"PUPA";1;138;6;0
7;"F1";NA;"SCLA";4;62;2;0
7;"F1";NA;"SOAS";3;275;5;0
7;"F2";"Bee";"LEMA";14;58;1;2
7;"F2";"Beetle";"LEMA";14;58;1;1
7;"F2";"Fly";"CHFU";7;90;2;2
7;"F2";NA;"BEMA";1;44;11;0
7;"F2";NA;"MESU";16;26;26;0
7;"F2";NA;"PUPA";1;115;5;0
7;"F2";NA;"SCLA";5;31;1;0
7;"F2";NA;"SOAS";3;110;2;0
7;"F2";NA;"SPRU";80;1080;45;0
7;"F3";"Bee";"LEMA";25;116;2;2
7;"F3";"Beetle";"LEMA";25;116;2;3
7;"F3";NA;"BEMA";6;64;16;0
7;"F3";NA;"CETE";3;9546;86;0
7;"F3";NA;"CHFU";2;64;2;0
7;"F3";NA;"MESU";27;12,5;12,5;0
7;"F3";NA;"PUPA";1;103,5;4,5;0
7;"F3";NA;"SCLA";1;31;1;0
7;"F3";NA;"SOAS";1;110;2;0
7;"F3";NA;"SPRU";40;672;28;0
7;"F4";"Bee";"LEMA";45;120;2;2
7;"F4";"Beetle";"LEMA";45;120;2;3
7;"F4";"Fly";"LEMA";45;120;2;1
7;"F4";NA;"BEMA";8;108;27;0
7;"F4";NA;"CETE";7;555;5;0
7;"F4";NA;"CHFU";1;32;1;0
7;"F4";NA;"MESU";24;16;16;0
7;"F4";NA;"PUPA";9;368;16;0
7;"F4";NA;"SCLA";1;31;1;0
7;"F4";NA;"SPRU";50;2400;100;0
7;"F5";"Beetle";"LEMA";45;140;5;6
7;"F5";NA;"BEMA";5;48;12;0
7;"F5";NA;"CETE";3;721,5;6,5;0
7;"F5";NA;"MESU";34;27;27;0
7;"F5";NA;"PUPA";5;195,5;8,5;0
7;"F5";NA;"SPRU";6;1440;60;0
7;"F6";NA;"BEMA";6;100;25;0
7;"F6";NA;"CETE";2;499,5;4,5;0
7;"F6";NA;"LEMA";38;406;7;0
7;"F6";NA;"MESU";18;18,5;18,5;0
7;"F6";NA;"PUPA";1;218,5;9,5;0
7;"F6";NA;"SCLA";7;155;5;0
7;"F6";NA;"SOAS";3;220;4;0
7;"F6";NA;"SPRU";30;1440;60;0
8;"A1";"Beetle";"LEMA";16;80;5;1
8;"A1";"Fly";"CHFU";62;320;10;2
8;"A1";NA;"BEMA";4;192;48;0
8;"A1";NA;"CETE";3;666;6;0
8;"A1";NA;"MESU";6;10;10;0
8;"A1";NA;"PUPA";1;115;5;0
8;"A1";NA;"SOAS";5;330;6;0
8;"A1";NA;"SPRU";84;1104;46;0
8;"A2";"Bee";"CHFU";9;300;10;1
8;"A2";"Fly";"CHFU";9;300;10;3
8;"A2";"Fly";"PUPA";19;480;8;1
8;"A2";NA;"BEMA";9;44;11;0
8;"A2";NA;"CETE";2;666;6;0
8;"A2";NA;"LEMA";18;406;7;0
8;"A2";NA;"MESU";12;14;14;0
8;"A2";NA;"SPRU";14;2304;96;0
8;"A3";"Fly";"CHFU";4;164;4;4
8;"A3";NA;"BEMA";4;64;16;0
8;"A3";NA;"CETE";16;1332;12;0
8;"A3";NA;"LEMA";20;290;5;0
8;"A3";NA;"MESU";12;27;27;0
8;"A3";NA;"PUPA";16;184;8;0
8;"A3";NA;"SCLA";6;31;1;0
8;"A3";NA;"SOAS";4;55;1;0
8;"A3";NA;"SPRU";10;1992;83;0
8;"A4";"Fly";"CHFU";16;120;4;4
8;"A4";NA;"BEMA";7;48;12;0
8;"A4";NA;"CETE";17;1332;12;0
8;"A4";NA;"LEMA";27;464;8;0
8;"A4";NA;"PUPA";26;184;8;0
8;"A4";NA;"SCLA";1;31;1;0
8;"A4";NA;"SOAS";6;275;5;0
8;"A5";"Bee";"SCLA";1;49,9444444444444;1,61111111111111;1
8;"A5";"Beetle";"LEMA";16;116;2;2
8;"A5";"Fly";"CHFU";29;62;2;3
8;"A5";NA;"BEMA";11;60;15;0
8;"A5";NA;"CETE";27;1221;11;0
8;"A5";NA;"MESU";5;22;22;0
8;"A5";NA;"PUPA";46;184;8;0
8;"A5";NA;"SOAS";7;110;2;0
8;"A5";NA;"SPRU";1;576;24;0
8;"A6";"Beetle";"LEMA";12;58;1;1
8;"A6";"Beetle";"SCLA";1;49,9444444444444;1,61111111111111;1
8;"A6";"Fly";"CHFU";21;39;3;4
8;"A6";NA;"BEMA";10;40;10;0
8;"A6";NA;"CETE";3;888;8;0
8;"A6";NA;"MESU";12;25;25;0
8;"A6";NA;"PUPA";18;276;12;0
8;"A6";NA;"SOAS";4;110;2;0
8;"A6";NA;"SPRU";7;1008;42;0
8;"B1";"Fly";"CHFU";19;36;1;2
8;"B1";NA;"BEMA";12;48;12;0
8;"B1";NA;"CETE";4;1554;14;0
8;"B1";NA;"LEMA";25;116;2;0
8;"B1";NA;"MESU";12;26;26;0
8;"B1";NA;"PUPA";6;115;5;0
8;"B1";NA;"SCLA";1;31;1;0
8;"B1";NA;"SPRU";70;2880;120;0
8;"B2";"Beetle";"LEMA";40;290;5;5
8;"B2";"Fly";"CHFU";12;395;5;1
8;"B2";"Fly";"PUPA";12;476;14;5
8;"B2";NA;"BEMA";13;36;9;0
8;"B2";NA;"CETE";5;888;8;0
8;"B2";NA;"MESU";6;73;73;0
8;"B2";NA;"SOAS";10;220;4;0
8;"B2";NA;"SPRU";14;2304;96;0
8;"B3";"Beetle";"LEMA";72;192;4;2
8;"B3";NA;"BEMA";8;44;11;0
8;"B3";NA;"CHFU";4;32;1;0
8;"B3";NA;"SCLA";4;155;5;0
8;"B3";NA;"SOAS";5;275;5;0
8;"B3";NA;"SPRU";1;768;32;0
8;"B4";"Bee";"MESU";12;34;34;1
8;"B4";"Bee";"PUPA";19;4;4;1
8;"B4";"Beetle";"LEMA";31;232;4;4
8;"B4";"Fly";"CHFU";13;60;3;1
8;"B4";NA;"BEMA";9;60;15;0
8;"B4";NA;"CETE";17;333;3;0
8;"B4";NA;"SCLA";4;31;1;0
8;"B4";NA;"SOAS";5;110;2;0
8;"B5";"Bee";"PUPA";8;462;7;1
8;"B5";"Beetle";"LEMA";7;116;2;3
8;"B5";"Beetle";"PUPA";8;462;7;1
8;"B5";"Fly";"CHFU";8;16;1;1
8;"B5";NA;"BEMA";7;48;12;0
8;"B5";NA;"CETE";19;444;4;0
8;"B5";NA;"MESU";8;47;47;0
8;"B5";NA;"SOAS";4;275;5;0
8;"B6";"Beetle";"LEMA";1;132;4;8
8;"B6";"Fly";"CHFU";1;0;4;1
8;"B6";"Fly";"PUPA";13;644;7;1
8;"B6";NA;"BEMA";1;28;7;0
8;"B6";NA;"CETE";6;888;8;0
8;"B6";NA;"SOAS";1;55;1;0
8;"B6";NA;"SPRU";1;336;14;0
8;"C1";"Beetle";"LEMA";22;171;6;3
8;"C1";"Beetle";"SCLA";17;93;3;1
8;"C1";"Fly";"CHFU";19;84;2;4
8;"C1";"Fly";"MESU";18;21;21;1
8;"C1";NA;"BEMA";10;188;47;0
8;"C1";NA;"CETE";13;1110;10;0
8;"C1";NA;"PUPA";15;345;15;0
8;"C1";NA;"SOAS";8;165;3;0
8;"C1";NA;"SPRU";82;3000;125;0
8;"C2";"Beetle";"LEMA";31;232;4;1
8;"C2";"Fly";"CHFU";18;228;6;5
8;"C2";NA;"MESU";7;30;30;0
8;"C2";NA;"PUPA";7;149,5;6,5;0
8;"C2";NA;"SCLA";3;31;1;0
8;"C2";NA;"SOAS";16;110;2;0
8;"C2";NA;"SPRU";25;864;36;0
8;"C3";"Beetle";"LEMA";24;174;3;1
8;"C3";"Fly";"CHFU";4;30;4;3
8;"C3";NA;"BEMA";9;12;3;0
8;"C3";NA;"CETE";7;888;8;0
8;"C3";NA;"PUPA";15;69;3;0
8;"C3";NA;"SCLA";5;62;2;0
8;"C3";NA;"SOAS";14;55;1;0
8;"C4";"Bee";"LEMA";42;58;1;2
8;"C4";"Beetle";"CHFU";3;13;1;1
8;"C4";"Beetle";"LEMA";42;58;1;4
8;"C4";"Fly";"CHFU";3;13;1;1
8;"C4";NA;"BEMA";8;32;8;0
8;"C5";"Beetle";"LEMA";14;116;2;3
8;"C5";"Fly";"CHFU";11;60;4;3
8;"C5";NA;"BEMA";19;28;7;0
8;"C5";NA;"CETE";28;1776;16;0
8;"C5";NA;"MESU";8;11;11;0
8;"C5";NA;"PUPA";51;149,5;6,5;0
8;"C5";NA;"SCLA";1;31;1;0
8;"C5";NA;"SPRU";7;1992;83;0
8;"C6";"Bee";"SCLA";1;31;1;1
8;"C6";"Beetle";"CHFU";40;62;2;3
8;"C6";"Beetle";"LEMA";27;348;6;1
8;"C6";"Beetle";"SCLA";1;31;1;1
8;"C6";"Fly";"CHFU";40;62;2;5
8;"C6";NA;"BEMA";12;96;24;0
8;"C6";NA;"CETE";34;3996;36;0
8;"C6";NA;"MESU";2;22;22;0
8;"C6";NA;"PUPA";46;253;11;0
8;"C6";NA;"SOAS";11;110;2;0
8;"C6";NA;"SPRU";5;1824;76;0
8;"D1";"Beetle";"LEMA";45;290;5;9
8;"D1";"Fly";"CHFU";6;82;2;3
8;"D1";"Fly";"LEMA";45;290;5;2
8;"D1";NA;"BEMA";8;56;14;0
8;"D1";NA;"CETE";6;1110;10;0
8;"D1";NA;"MESU";9;22;22;0
8;"D1";NA;"PUPA";3;184;8;0
8;"D1";NA;"SOAS";2;165;3;0
8;"D1";NA;"SPRU";108;2760;115;0
8;"D2";"Bee";"PUPA";16;96;4;1
8;"D2";"Beetle";"LEMA";38;232;4;1
8;"D2";"Fly";"CHFU";27;126;6;1
8;"D2";"Fly";"LEMA";38;232;4;1
8;"D2";NA;"BEMA";15;44;11;0
8;"D2";NA;"CETE";7;777;7;0
8;"D2";NA;"MESU";16;15;15;0
8;"D2";NA;"SCLA";3;31;1;0
8;"D2";NA;"SOAS";4;110;2;0
8;"D3";"Fly";"CHFU";5;10;1;1
8;"D3";NA;"BEMA";7;20;5;0
8;"D3";NA;"CETE";44;888;8;0
8;"D3";NA;"LEMA";24;174;3;0
8;"D3";NA;"MESU";8;12;12;0
8;"D3";NA;"PUPA";58;92;4;0
8;"D3";NA;"SOAS";7;110;2;0
8;"D4";"Beetle";"LEMA";21;406;7;2
8;"D4";"Butterfly";"PUPA";22;413,777777777778;7,25925925925926;2
8;"D4";"Fly";"CHFU";12;9;1;1
8;"D4";NA;"BEMA";3;36;9;0
8;"D4";NA;"SCLA";2;62;2;0
8;"D4";NA;"SOAS";1;220;4;0
8;"D5";"Bee";"LEMA";25;290;5;2
8;"D5";"Beetle";"LEMA";25;290;5;1
8;"D5";"Beetle";"PUPA";42;27;9;1
8;"D5";"Fly";"CHFU";14;112,5;5;1
8;"D5";NA;"BEMA";13;52;13;0
8;"D5";NA;"CETE";39;1332;12;0
8;"D5";NA;"MESU";6;35;35;0
8;"D5";NA;"SCLA";1;62;2;0
8;"D5";NA;"SOAS";10;165;3;0
8;"D5";NA;"SPRU";7;360;15;0
8;"D6";"Beetle";"LEMA";21;232;4;6
8;"D6";"Fly";"LEMA";21;232;4;1
8;"D6";"Fly";"PUPA";66;0;2;3
8;"D6";NA;"BEMA";18;160;40;0
8;"D6";NA;"CETE";45;1998;18;0
8;"D6";NA;"CHFU";19;224;7;0
8;"D6";NA;"MESU";12;30;30;0
8;"D6";NA;"SCLA";3;62;2;0
8;"D6";NA;"SOAS";7;165;3;0
8;"E1";"Bee";"PUPA";1;15;5;1
8;"E1";"Beetle";"LEMA";50;174;3;2
8;"E1";"Fly";"CHFU";29;945;14;2
8;"E1";NA;"BEMA";4;72;18;0
8;"E1";NA;"CETE";10;1887;17;0
8;"E1";NA;"MESU";20;17;17;0
8;"E1";NA;"SOAS";6;220;4;0
8;"E1";NA;"SPRU";77;1776;74;0
8;"E2";"Bee";"PUPA";24;18;3;2
8;"E2";NA;"BEMA";2;24;6;0
8;"E2";NA;"CETE";15;333;3;0
8;"E2";NA;"CHFU";6;64;2;0
8;"E2";NA;"LEMA";20;58;1;0
8;"E2";NA;"MESU";4;14;14;0
8;"E2";NA;"SOAS";2;55;1;0
8;"E2";NA;"SPRU";12;552;23;0
8;"E3";"Bee";"PUPA";37;375;5;3
8;"E3";"Beetle";"LEMA";19;232;4;1
8;"E3";"Fly";"BEMA";19;100;25;6
8;"E3";"Fly";"CHFU";17;288;9;1
8;"E3";"Fly";"LEMA";19;232;4;2
8;"E3";NA;"CETE";26;1221;11;0
8;"E3";NA;"MESU";17;11;11;0
8;"E3";NA;"SCLA";3;31;1;0
8;"E4";"Beetle";"LEMA";26;174;3;3
8;"E4";"Fly";"LEMA";26;174;3;1
8;"E4";NA;"BEMA";9;28;7;0
8;"E4";NA;"CETE";57;1332;12;0
8;"E4";NA;"CHFU";12;224;7;0
8;"E4";NA;"MESU";7;22;22;0
8;"E4";NA;"PUPA";45;161;7;0
8;"E4";NA;"SPRU";3;240;10;0
8;"E5";"Bee";"LEMA";17;638;11;2
8;"E5";"Beetle";"LEMA";17;638;11;1
8;"E5";"Fly";"LEMA";17;638;11;3
8;"E5";"Fly";"PUPA";61;0;14;1
8;"E5";NA;"BEMA";6;24;6;0
8;"E5";NA;"CETE";24;1443;13;0
8;"E5";NA;"CHFU";12;64;2;0
8;"E5";NA;"MESU";12;10;10;0
8;"E5";NA;"SCLA";1;31;1;0
8;"E5";NA;"SOAS";7;220;4;0
8;"E5";NA;"SPRU";1;1152;48;0
8;"E6";NA;"BEMA";11;16;4;0
8;"E6";NA;"CETE";68;666;6;0
8;"E6";NA;"CHFU";5;32;1;0
8;"E6";NA;"LEMA";14;522;9;0
8;"E6";NA;"MESU";8;27;27;0
8;"E6";NA;"PUPA";70;161;7;0
8;"E6";NA;"SOAS";8;220;4;0
8;"F1";"Bee";"PUPA";6;123,407407407407;7,25925925925926;2
8;"F1";"Beetle";"LEMA";31;58;1;2
8;"F1";"Fly";"CHFU";18;256;8;3
8;"F1";NA;"BEMA";2;152;38;0
8;"F1";NA;"SCLA";7;31;1;0
8;"F1";NA;"SOAS";1;550;10;0
8;"F1";NA;"SPRU";34;1248;52;0
8;"F2";"Beetle";"LEMA";16;232;4;2
8;"F2";"Fly";"CHFU";20;456;6;2
8;"F2";NA;"BEMA";5;88;22;0
8;"F2";NA;"SCLA";1;62;2;0
8;"F2";NA;"SPRU";39;2736;114;0
8;"F3";"Beetle";"LEMA";7;116;2;1
8;"F3";"Fly";"CHFU";20;92;4;5
8;"F3";NA;"BEMA";6;212;53;0
8;"F3";NA;"SOAS";1;110;2;0
8;"F3";NA;"SPRU";26;1032;43;0
8;"F4";"Beetle";"LEMA";13;290;5;1
8;"F4";"Fly";"CHFU";12;120;4;2
8;"F4";NA;"SOAS";8;165;3;0
8;"F4";NA;"SPRU";5;1512;63;0
8;"F5";"Bee";"LEMA";17;464;8;1
8;"F5";"Bee";"MESU";17;24,0416666666667;24,0416666666667;1
8;"F5";"Bee";"PUPA";26;7,25925925925926;7,25925925925926;6
8;"F5";"Beetle";"LEMA";17;464;8;1
8;"F5";"Fly";"BEMA";8;32;8;1
8;"F5";"Fly";"CHFU";19;92;2;1
8;"F5";"Fly";"LEMA";17;464;8;2
8;"F5";NA;"SOAS";7;275;5;0
8;"F5";NA;"SPRU";4;816;34;0
8;"F6";"Bee";"LEMA";40;85;5;1
8;"F6";"Bee";"MESU";8;24,0416666666667;24,0416666666667;9
8;"F6";"Beetle";"LEMA";40;85;5;7
8;"F6";"Beetle";"PUPA";42;65,3333333333333;7,25925925925926;1
8;"F6";"Butterfly";"LEMA";40;85;5;3
8;"F6";"Fly";"LEMA";40;85;5;2
8;"F6";"Fly";"MESU";8;24,0416666666667;24,0416666666667;1
8;"F6";NA;"BEMA";8;20;5;0
8;"F6";NA;"CHFU";13;64;2;0
8;"F6";NA;"SOAS";5;165;3;0
9;"A1";"Bee";"CHFU";1;143,483870967742;4,48387096774194;1
9;"A1";"Beetle";"CHFU";1;143,483870967742;4,48387096774194;5
9;"A1";"Beetle";"LEMA";4;232;4;2
9;"A1";NA;"BEMA";1;76;19;0
9;"A1";NA;"PUPA";1;115;5;0
9;"A1";NA;"SCLA";23;186;6;0
9;"A1";NA;"SOAS";9;660;12;0
9;"A2";"Beetle";"CHFU";1;96;3;3
9;"A2";"Beetle";"LEMA";3;362,967741935484;6,25806451612903;1
9;"A2";NA;"BEMA";2;48;12;0
9;"A2";NA;"CETE";1;1776;16;0
9;"A2";NA;"CHMI";4;105;7,5;0
9;"A2";NA;"SCLA";20;186;6;0
9;"A2";NA;"SOAS";14;1210;22;0
9;"A3";"Beetle";"LEMA";3;522;9;3
9;"A3";NA;"BEMA";1;32;8;0
9;"A3";NA;"CETE";1;333;3;0
9;"A3";NA;"SCLA";17;310;10;0
9;"A3";NA;"SOAS";25;1430;26;0
9;"A4";"Beetle";"LEMA";3;290;5;2
9;"A4";NA;"BEMA";1;32;8;0
9;"A4";NA;"CETE";5;999;9;0
9;"A4";NA;"SCLA";26;93;3;0
9;"A4";NA;"SOAS";34;1430;26;0
9;"A5";"Beetle";"CHFU";1;96;3;1
9;"A5";"Beetle";"LEMA";2;174;3;1
9;"A5";NA;"CETE";4;666;6;0
9;"A5";NA;"MESU";1;6;6;0
9;"A5";NA;"SCLA";27;186;6;0
9;"A5";NA;"SOAS";18;715;13;0
9;"A6";"Beetle";"CHFU";5;64;4;6
9;"A6";NA;"CETE";6;222;2;0
9;"A6";NA;"LEMA";16;580;10;0
9;"A6";NA;"SCLA";7;124;4;0
9;"A6";NA;"SOAS";22;385;7;0
9;"B1";"Beetle";"CHFU";14;265;5;9
9;"B1";"Beetle";"LEMA";9;406;7;8
9;"B1";"Fly";"LEMA";9;406;7;3
9;"B1";NA;"BEMA";4;24;6;0
9;"B1";NA;"CETE";1;1776;16;0
9;"B1";NA;"CHMI";1;56;4;0
9;"B1";NA;"SCLA";21;155;5;0
9;"B1";NA;"SOAS";17;1210;22;0
9;"B2";"Beetle";"CHFU";4;56;2;2
9;"B2";"Beetle";"LEMA";10;696;12;5
9;"B2";"Fly";"CHFU";4;56;2;1
9;"B2";NA;"CETE";4;2664;24;0
9;"B2";NA;"SCLA";27;279;9;0
9;"B2";NA;"SOAS";7;990;18;0
9;"B3";"Beetle";"CHFU";1;32;1;1
9;"B3";"Beetle";"LEMA";6;870;15;6
9;"B3";"Fly";"LEMA";6;870;15;2
9;"B3";NA;"BEMA";1;16;4;0
9;"B3";NA;"CETE";6;555;5;0
9;"B3";NA;"SCLA";16;186;6;0
9;"B4";"Beetle";"CHFU";1;143,483870967742;4,48387096774194;1
9;"B4";"Beetle";"CHMI";1;70;5;1
9;"B4";"Beetle";"LEMA";9;232;4;9
9;"B4";NA;"BEMA";1;12;3;0
9;"B4";NA;"CETE";2;1332;12;0
9;"B4";NA;"SCLA";20;155;5;0
9;"B4";NA;"SOAS";36;1155;21;0
9;"B5";"Bee";"LEMA";1;362,967741935484;6,25806451612903;1
9;"B5";"Beetle";"LEMA";1;362,967741935484;6,25806451612903;2
9;"B5";NA;"CETE";1;1110;10;0
9;"B5";NA;"CHFU";2;64;2;0
9;"B5";NA;"SCLA";22;93;3;0
9;"B5";NA;"SOAS";22;825;15;0
9;"B6";"Beetle";"CHFU";2;18;1;1
9;"B6";"Fly";"PUPA";12;315,611111111111;13,7222222222222;1
9;"B6";NA;"BEMA";4;28;7;0
9;"B6";NA;"CETE";6;1887;17;0
9;"B6";NA;"LEMA";8;116;2;0
9;"B6";NA;"SCLA";10;279;9;0
9;"B6";NA;"SOAS";26;3960;72;0
9;"C1";"Bee";"CHFU";22;0;7;1
9;"C1";"Beetle";"CHFU";22;0;7;7
9;"C1";"Beetle";"LEMA";6;464;8;9
9;"C1";NA;"BEMA";6;144;36;0
9;"C1";NA;"CETE";4;444;4;0
9;"C1";NA;"SCLA";13;155;5;0
9;"C1";NA;"SOAS";24;1540;28;0
9;"C2";"Beetle";"CHFU";14;464;8;4
9;"C2";"Beetle";"LEMA";17;464;8;4
9;"C2";NA;"CETE";3;703;6,33333333333333;0
9;"C2";NA;"SCLA";4;155;5;0
9;"C2";NA;"SOAS";27;1430;26;0
9;"C3";"Beetle";"CHFU";17;62;2;3
9;"C3";"Beetle";"LEMA";7;290;5;4
9;"C3";"Beetle";"SCLA";6;248;8;1
9;"C3";"Fly";"BEMA";8;24;6;2
9;"C3";NA;"SOAS";21;1045;19;0
9;"C4";"Beetle";"CHFU";7;32;1;1
9;"C4";"Beetle";"LEMA";12;406;7;6
9;"C4";NA;"SCLA";15;248;8;0
9;"C4";NA;"SOAS";24;770;14;0
9;"C5";"Beetle";"CHFU";5;121,5;3;2
9;"C5";"Beetle";"LEMA";10;362,967741935484;6,25806451612903;6
9;"C5";NA;"SCLA";19;124;4;0
9;"C5";NA;"SOAS";30;220;4;0
9;"C6";"Beetle";"LEMA";4;174;3;5
9;"C6";"Beetle";"SOAS";42;990;18;1
9;"C6";NA;"CHFU";1;96;3;0
9;"C6";NA;"SCLA";6;124;4;0
9;"D1";"Bee";"CHFU";11;105;7;1
9;"D1";"Beetle";"CHFU";11;105;7;1
9;"D1";"Beetle";"LEMA";15;348;6;4
9;"D1";"Beetle";"SOAS";12;2530;46;2
9;"D1";"Fly";"LEMA";15;348;6;1
9;"D1";NA;"BEMA";6;28;7;0
9;"D2";"Bee";"CHFU";19;57;6;1
9;"D2";"Beetle";"CHFU";19;57;6;2
9;"D2";"Beetle";"LEMA";9;270;9;4
9;"D2";"Fly";"CHFU";19;57;6;1
9;"D2";"Fly";"LEMA";9;270;9;1
9;"D2";NA;"BEMA";10;16;4;0
9;"D2";NA;"CETE";11;1110;10;0
9;"D2";NA;"PUPA";2;161;7;0
9;"D2";NA;"SOAS";13;1540;28;0
9;"D3";"Bee";"CHFU";35;795;10;3
9;"D3";"Beetle";"LEMA";4;232;4;6
9;"D3";"Butterfly";"LEMA";4;232;4;1
9;"D3";"Fly";"CHFU";35;795;10;2
9;"D3";NA;"BEMA";14;48;12;0
9;"D3";NA;"CETE";12;1221;11;0
9;"D3";NA;"SOAS";9;880;16;0
9;"D4";"Bee";"CHFU";20;143,483870967742;4,48387096774194;2
9;"D4";"Beetle";"CHFU";20;143,483870967742;4,48387096774194;3
9;"D4";"Beetle";"LEMA";13;362,967741935484;6,25806451612903;1
9;"D4";NA;"CETE";1;333;3;0
9;"D5";"Bee";"LEMA";8;720;15;1
9;"D5";"Bee";"PUPA";7;48;4;1
9;"D5";"Beetle";"LEMA";8;720;15;1
9;"D5";"Fly";"CHFU";10;50;2;1
9;"D5";NA;"BEMA";4;56;14;0
9;"D5";NA;"CETE";6;555;5;0
9;"D5";NA;"SCLA";21;558;18;0
9;"D5";NA;"SOAS";23;1485;27;0
9;"D6";"Bee";"PUPA";1;1138,94444444444;13,7222222222222;6
9;"D6";"Beetle";"CHFU";10;60;3;3
9;"D6";"Beetle";"LEMA";7;754;13;2
9;"D6";NA;"BEMA";2;80;20;0
9;"D6";NA;"CHMI";2;56;4;0
9;"D6";NA;"SCLA";18;310;10;0
9;"D6";NA;"SOAS";9;1760;32;0
9;"E1";"Bee";"CHFU";36;84;4;1
9;"E1";"Bee";"PUPA";14;656;16;1
9;"E1";"Beetle";"CHFU";36;84;4;4
9;"E1";"Beetle";"LEMA";7;42;2;2
9;"E1";NA;"BEMA";13;80;20;0
9;"E1";NA;"CETE";11;1887;17;0
9;"E1";NA;"SOAS";18;715;13;0
9;"E2";"Bee";"CHFU";4;16;1;3
9;"E2";"Beetle";"CHFU";4;16;1;1
9;"E2";"Fly";"LEMA";1;116;2;3
9;"E2";"Fly";"SCLA";1;207,08;6,68;1
9;"E2";NA;"BEMA";4;72;18;0
9;"E2";NA;"PUPA";1;483;21;0
9;"E2";NA;"SOAS";3;110;2;0
9;"E2";NA;"SPRU";35;432;18;0
9;"E3";"Bee";"CHFU";23;240;12;3
9;"E3";"Beetle";"CHFU";23;240;12;3
9;"E3";"Beetle";"LEMA";3;174;3;3
9;"E3";NA;"BEMA";8;24;6;0
9;"E3";NA;"CETE";6;777;7;0
9;"E3";NA;"SOAS";7;275;5;0
9;"E4";"Beetle";"CHFU";17;448;8;3
9;"E4";"Beetle";"LEMA";7;580;10;2
9;"E4";"Butterfly";"PUPA";1;315,611111111111;13,7222222222222;2
9;"E4";"Fly";"CHFU";17;448;8;1
9;"E4";NA;"BEMA";9;32;8;0
9;"E4";NA;"CETE";8;2053,5;18,5;0
9;"E4";NA;"SCLA";1;527;17;0
9;"E5";"Bee";"CHFU";13;252;6;10
9;"E5";"Beetle";"CHFU";13;252;6;1
9;"E5";"Beetle";"LEMA";3;290;5;3
9;"E5";NA;"BEMA";8;40;10;0
9;"E5";NA;"CETE";5;555;5;0
9;"E5";NA;"PUPA";3;218,5;9,5;0
9;"E5";NA;"SCLA";4;155;5;0
9;"E5";NA;"SOAS";30;1320;24;0
9;"E6";"Bee";"CHFU";8;64;2;1
9;"E6";"Bee";"LEMA";14;348;6;1
9;"E6";"Beetle";"CHFU";8;64;2;4
9;"E6";"Beetle";"LEMA";14;348;6;8
9;"E6";"Fly";"CETE";3;222;2;1
9;"E6";"Fly";"LEMA";14;348;6;1
9;"E6";NA;"BEMA";2;16;4;0
9;"E6";NA;"PUPA";9;253;11;0
9;"E6";NA;"SCLA";14;93;3;0
9;"E6";NA;"SOAS";18;1100;20;0
9;"F1";"Beetle";"LEMA";1;174;3;1
9;"F1";"Fly";"CHFU";9;225;5;2
9;"F1";NA;"BEMA";5;56;14;0
9;"F1";NA;"PUPA";15;414;18;0
9;"F1";NA;"SPRU";38;336;14;0
9;"F2";"Bee";"CHFU";19;32;1;1
9;"F2";NA;"BEMA";2;40;10;0
9;"F2";NA;"SPRU";49;144;6;0
9;"F3";"Bee";"CHFU";15;64;2;1
9;"F3";NA;"BEMA";5;52;13;0
9;"F3";NA;"LEMA";1;58;1;0
9;"F3";NA;"SPRU";42;576;24;0
9;"F4";"Beetle";"CHFU";14;64;2;1
9;"F4";"Fly";"CHFU";14;64;2;5
9;"F4";NA;"BEMA";2;16;4;0
9;"F4";NA;"CETE";1;888;8;0
9;"F4";NA;"LEMA";1;58;1;0
9;"F5";"Bee";"CHFU";18;160;5;6
9;"F5";"Beetle";"CHFU";18;160;5;2
9;"F5";"Fly";"CHFU";18;160;5;5
9;"F5";NA;"BEMA";18;56;14;0
9;"F5";NA;"CETE";26;666;6;0
9;"F5";NA;"LEMA";1;116;2;0
9;"F5";NA;"SCLA";1;31;1;0
9;"F5";NA;"SOAS";3;275;5;0
9;"F5";NA;"SPRU";16;336;14;0
9;"F6";"Bee";"CHFU";20;1242;18;2
9;"F6";"Beetle";"CHFU";20;1242;18;3
9;"F6";"Beetle";"LEMA";8;580;10;4
9;"F6";"Fly";"CHFU";20;1242;18;3
9;"F6";"Fly";"LEMA";8;580;10;1
9;"F6";NA;"BEMA";8;32;8;0
9;"F6";NA;"CETE";8;1776;16;0
9;"F6";NA;"PUPA";8;736;32;0
9;"F6";NA;"SCLA";8;217;7;0
9;"F6";NA;"SOAS";16;825;15;0
